FROM_ID,TO_ID,DIST_KM
1,1,0.0
1,2,8.5219
1,3,12.71534
1,4,7.5853
1,5,13.21229
1,6,4.83993
1,7,5.21978
1,8,8.63552
1,9,12.56917
1,10,12.73204
1,11,10.64978
1,12,11.16955
1,13,11.95039
1,14,9.48327
1,15,10.75237
1,16,6.20306
1,17,7.80153
1,18,6.5376
1,19,6.6713
1,20,8.49313
1,21,11.51506
1,22,7.39127
1,23,15.77819
1,24,16.5026
1,25,10.31584
1,26,10.85668
1,27,11.51207
1,28,16.08621
1,29,0.36596
1,30,1.77969
1,31,10.94433
1,32,8.45434
1,33,8.37056
1,34,9.55851
1,35,8.07326
1,36,6.8261
1,37,6.50231
1,38,7.99564
1,39,9.72464
1,40,9.00739
1,41,11.27221
1,42,5.65741
1,43,5.2428
1,44,6.83364
1,45,9.51029
1,46,9.70066
1,47,10.47946
1,48,8.23693
1,49,7.42688
1,50,8.45927
1,51,6.87029
1,52,4.43623
1,53,5.77916
1,54,9.65052
1,55,10.99933
1,56,4.9866
2,1,8.51955
2,2,0.0
2,3,12.08694
2,4,15.75578
2,5,17.28968
2,6,13.01041
2,7,11.24468
2,8,11.82515
2,9,15.7588
2,10,12.10363
2,11,10.02138
2,12,10.54115
2,13,11.32199
2,14,11.99032
2,15,13.25942
2,16,7.64349
2,17,5.76525
2,18,5.69601
2,19,6.86706
2,20,7.27884
2,21,10.88665
2,22,6.76287
2,23,15.14978
2,24,15.87419
2,25,9.68744
2,26,10.22827
2,27,10.88367
2,28,15.45781
2,29,8.15364
2,30,7.8648
2,31,15.02172
2,32,12.53173
2,33,12.44796
2,34,13.6359
2,35,9.83388
2,36,9.02395
2,37,8.70016
2,38,9.32093
2,39,10.95527
2,40,10.23801
2,41,12.50283
2,42,6.86124
2,43,7.22773
2,44,6.4686
2,45,5.66887
2,46,5.28879
2,47,1.69192
2,48,2.14831
2,49,2.11402
2,50,4.43581
2,51,3.34311
2,52,6.7822
2,53,5.17488
2,54,12.84015
2,55,10.37093
2,56,5.56068
3,1,13.65053
3,2,11.74747
3,3,0.0
3,4,15.27363
3,5,19.53157
3,6,12.52826
3,7,10.76253
3,8,11.343
3,9,7.83696
3,10,2.06072
3,11,3.33096
3,12,2.29505
3,13,2.73718
3,14,4.38197
3,15,5.65107
3,16,7.16134
3,17,6.45967
3,18,7.19553
3,19,6.38491
3,20,6.52419
3,21,8.24718
3,22,5.42233
3,23,12.51031
3,24,13.23472
3,25,7.04797
3,26,7.5888
3,27,8.2442
3,28,12.81833
3,29,13.28462
3,30,12.99578
3,31,19.987
3,32,17.497
3,33,17.41323
3,34,18.60117
3,35,17.11593
3,36,15.86876
3,37,15.54497
3,38,17.0383
3,39,18.76731
3,40,18.05005
3,41,20.31487
3,42,14.70007
3,43,14.28547
3,44,13.2377
3,45,15.07575
3,46,15.26612
3,47,13.70503
3,48,11.4625
3,49,10.65244
3,50,12.86298
3,51,11.19833
3,52,13.47889
3,53,11.88351
3,54,12.358
3,55,7.73146
3,56,12.00592
4,1,7.5853
4,2,15.27002
4,3,15.16109
4,4,0.0
4,5,4.25794
4,6,2.7514
4,7,7.1211
4,8,11.08127
4,9,15.01492
4,10,15.17779
4,11,13.09554
4,12,13.6153
4,13,14.39614
4,14,11.92902
4,15,13.19812
4,16,8.64881
4,17,10.87437
4,18,9.94937
4,19,9.11705
4,20,10.93888
4,21,13.96081
4,22,9.83702
4,23,18.22394
4,24,18.94835
4,25,12.7616
4,26,13.30243
4,27,13.95783
4,28,18.53196
4,29,7.87794
4,30,9.29166
4,31,9.92153
4,32,11.98385
4,33,12.48713
4,34,12.09523
4,35,14.68329
4,36,17.12636
4,37,16.80256
4,38,18.29589
4,39,20.0249
4,40,19.30764
4,41,21.57246
4,42,15.95766
4,43,15.54306
4,44,14.15939
4,45,16.62869
4,46,16.81906
4,47,17.22758
4,48,14.98505
4,49,14.17499
4,50,15.28305
4,51,13.6184
4,52,14.73648
4,53,12.8052
4,54,12.09627
4,55,13.44509
4,56,12.92761
5,1,12.70991
5,2,18.43007
5,3,19.41903
5,4,4.25794
5,5,0.0
5,6,7.00934
5,7,11.37904
5,8,15.33921
5,9,13.52488
5,10,19.43573
5,11,17.35347
5,12,17.87324
5,13,18.65408
5,14,16.18696
5,15,17.45606
5,16,12.90675
5,17,16.35139
5,18,15.08747
5,19,13.375
5,20,15.19682
5,21,18.21875
5,22,14.09496
5,23,22.48188
5,24,23.20629
5,25,17.01954
5,26,17.56037
5,27,18.21577
5,28,22.7899
5,29,12.35752
5,30,11.02701
5,31,5.78131
5,32,7.84363
5,33,8.34691
5,34,7.95501
5,35,10.54307
5,36,12.98613
5,37,12.66234
5,38,14.15567
5,39,15.88468
5,40,15.16742
5,41,17.43224
5,42,11.81744
5,43,11.40283
5,44,12.99367
5,45,15.67032
5,46,15.86069
5,47,18.29218
5,48,17.16595
5,49,16.35589
5,50,16.60855
5,51,15.78729
5,52,10.59626
5,53,12.76024
5,54,10.60623
5,55,17.70303
5,56,12.92018
6,1,4.83993
6,2,12.52465
6,3,12.41572
6,4,2.7514
6,5,7.00934
6,6,0.0
6,7,4.37573
6,8,8.3359
6,9,12.26955
6,10,12.43242
6,11,10.35016
6,12,10.86993
6,13,11.65077
6,14,9.18365
6,15,10.45275
6,16,5.90344
6,17,8.129
6,18,7.204
6,19,6.37168
6,20,8.19351
6,21,11.21544
6,22,7.09165
6,23,15.47857
6,24,16.20298
6,25,10.01622
6,26,10.55706
6,27,11.21245
6,28,15.78659
6,29,5.13257
6,30,6.54629
6,31,12.67293
6,32,15.67332
6,33,15.58954
6,34,14.84663
6,35,15.29224
6,36,14.04508
6,37,13.72129
6,38,15.21462
6,39,16.94363
6,40,16.22637
6,41,18.49119
6,42,12.87639
6,43,12.46178
6,44,11.41402
6,45,13.88332
6,46,14.07369
6,47,14.48221
6,48,12.23968
6,49,11.42962
6,50,12.53768
6,51,10.87303
6,52,11.65521
6,53,10.05982
6,54,9.3509
6,55,10.69971
6,56,10.18224
7,1,5.21978
7,2,11.54083
7,3,10.53977
7,4,7.1211
7,5,11.37904
7,6,4.37573
7,7,0.0
7,8,4.01201
7,9,7.929
7,10,10.55647
7,11,8.47421
7,12,8.99398
7,13,9.77482
7,14,7.3077
7,15,8.5768
7,16,4.02749
7,17,6.25304
7,18,6.73946
7,19,4.49573
7,20,6.31756
7,21,9.33949
7,22,5.2157
7,23,13.60262
7,24,14.32702
7,25,8.14027
7,26,8.6811
7,27,9.3365
7,28,13.91064
7,29,5.51242
7,30,10.08873
7,31,17.07995
7,32,14.58995
7,33,14.50618
7,34,15.69412
7,35,14.20888
7,36,12.96172
7,37,12.63792
7,38,14.13125
7,39,15.86026
7,40,15.143
7,41,17.40782
7,42,11.79302
7,43,11.37842
7,44,10.33065
7,45,12.79995
7,46,12.99032
7,47,13.4984
7,48,11.25587
7,49,10.44581
7,50,11.45432
7,51,9.78966
7,52,10.57184
7,53,8.97646
7,54,5.01035
7,55,8.82376
7,56,9.09887
8,1,8.66392
8,2,12.11252
8,3,11.11146
8,4,11.10968
8,5,15.36762
8,6,8.36431
8,7,4.01855
8,8,0.0
8,9,8.51734
8,10,11.12815
8,11,9.0459
8,12,9.56566
8,13,10.3465
8,14,7.87938
8,15,5.37761
8,16,4.59917
8,17,6.82473
8,18,7.31115
8,19,5.06742
8,20,6.88924
8,21,9.91117
8,22,5.78738
8,23,14.1743
8,24,14.89871
8,25,8.71196
8,26,9.25279
8,27,9.90819
8,28,14.48232
8,29,8.95657
8,30,10.66042
8,31,17.65163
8,32,15.16163
8,33,15.07786
8,34,16.2658
8,35,14.78056
8,36,13.5334
8,37,13.20961
8,38,14.70294
8,39,16.43194
8,40,15.71469
8,41,17.9795
8,42,12.36471
8,43,11.9501
8,44,10.90233
8,45,13.37163
8,46,13.562
8,47,14.07008
8,48,11.82755
8,49,11.01749
8,50,12.026
8,51,10.36135
8,52,11.14353
8,53,9.54814
8,54,5.59869
8,55,9.39545
8,56,9.67056
9,1,12.59757
9,2,16.04616
9,3,7.83696
9,4,15.04332
9,5,13.52488
9,6,12.29795
9,7,7.95219
9,8,8.51734
9,9,0.0
9,10,7.85365
9,11,5.1231
9,12,5.48121
9,13,7.07201
9,14,3.5294
9,15,2.60298
9,16,8.53282
9,17,10.75837
9,18,11.24479
9,19,9.00106
9,20,10.82289
9,21,13.84481
9,22,9.72103
9,23,18.10794
9,24,18.83235
9,25,12.6456
9,26,13.18643
9,27,13.84183
9,28,18.41597
9,29,12.89021
9,30,14.59406
9,31,21.58528
9,32,19.09528
9,33,19.01151
9,34,20.19945
9,35,18.7142
9,36,17.46704
9,37,17.14325
9,38,18.63658
9,39,20.36559
9,40,19.64833
9,41,21.91315
9,42,16.29835
9,43,15.88374
9,44,14.83598
9,45,17.30528
9,46,17.49565
9,47,18.00372
9,48,15.76119
9,49,14.95114
9,50,15.95964
9,51,14.29499
9,52,15.07717
9,53,13.48179
9,54,2.91916
9,55,13.32909
9,56,13.6042
10,1,13.66723
10,2,11.76416
10,3,2.06072
10,4,15.29032
10,5,19.54826
10,6,12.54495
10,7,10.77922
10,8,11.3597
10,9,7.85365
10,10,0.0
10,11,3.34766
10,12,2.31174
10,13,2.75387
10,14,4.39867
10,15,5.66777
10,16,7.17804
10,17,6.47637
10,18,7.21223
10,19,6.4016
10,20,6.54089
10,21,8.26388
10,22,5.43902
10,23,12.52701
10,24,13.25142
10,25,7.06466
10,26,7.6055
10,27,8.26089
10,28,12.83503
10,29,13.30131
10,30,13.01248
10,31,20.00369
10,32,17.5137
10,33,17.42992
10,34,18.61787
10,35,17.13262
10,36,15.88546
10,37,15.56167
10,38,17.055
10,39,18.78401
10,40,18.06675
10,41,20.33156
10,42,14.71677
10,43,14.30216
10,44,13.2544
10,45,15.09245
10,46,15.28282
10,47,13.72172
10,48,11.47919
10,49,10.66914
10,50,12.87968
10,51,11.21503
10,52,13.49559
10,53,11.9002
10,54,12.3747
10,55,7.74815
10,56,12.02262
11,1,11.58497
11,2,9.68191
11,3,3.33096
11,4,13.20807
11,5,17.46601
11,6,10.4627
11,7,8.69697
11,8,9.27744
11,9,5.1231
11,10,3.34766
11,11,0.0
11,12,0.97521
11,13,2.56601
11,14,1.66811
11,15,2.93721
11,16,5.09578
11,17,4.39412
11,18,5.12997
11,19,4.31935
11,20,4.45863
11,21,6.18162
11,22,3.35677
11,23,10.44475
11,24,11.16916
11,25,4.98241
11,26,5.52324
11,27,6.17864
11,28,10.75277
11,29,11.21906
11,30,10.93022
11,31,17.92144
11,32,15.43144
11,33,15.34767
11,34,16.53561
11,35,15.05037
11,36,13.80321
11,37,13.47941
11,38,14.97274
11,39,16.70175
11,40,15.98449
11,41,18.24931
11,42,12.63451
11,43,12.21991
11,44,11.17214
11,45,13.01019
11,46,13.20056
11,47,11.63947
11,48,9.39694
11,49,8.58688
11,50,10.79742
11,51,9.13277
11,52,11.41333
11,53,9.81795
11,54,10.29245
11,55,5.6659
11,56,9.94036
12,1,12.10474
12,2,10.20167
12,3,2.29505
12,4,13.72783
12,5,17.98578
12,6,10.98246
12,7,9.21673
12,8,9.79721
12,9,5.48121
12,10,2.31174
12,11,0.97521
12,12,0.0
12,13,0.45964
12,14,2.02622
12,15,3.29532
12,16,5.61555
12,17,4.91388
12,18,5.64974
12,19,4.83912
12,20,4.9784
12,21,6.70139
12,22,3.87654
12,23,10.96452
12,24,11.68893
12,25,5.50217
12,26,6.04301
12,27,6.6984
12,28,11.27254
12,29,11.73882
12,30,11.44999
12,31,18.44121
12,32,15.95121
12,33,15.86744
12,34,17.05538
12,35,15.57013
12,36,14.32297
12,37,13.99918
12,38,15.49251
12,39,17.22152
12,40,16.50426
12,41,18.76908
12,42,13.15428
12,43,12.73967
12,44,11.69191
12,45,13.52996
12,46,13.72033
12,47,12.15923
12,48,9.9167
12,49,9.10665
12,50,11.31719
12,51,9.65254
12,52,11.9331
12,53,10.33771
12,54,10.81221
12,55,6.18566
12,56,10.46013
13,1,12.88558
13,2,10.98251
13,3,2.73718
13,4,14.50868
13,5,18.76662
13,6,11.76331
13,7,9.99758
13,8,10.57805
13,9,7.07201
13,10,2.75387
13,11,2.56601
13,12,0.45964
13,13,0.0
13,14,3.61702
13,15,4.88612
13,16,6.39639
13,17,5.69472
13,18,6.43058
13,19,5.61996
13,20,5.75924
13,21,7.48223
13,22,4.65738
13,23,11.74536
13,24,12.46977
13,25,6.28302
13,26,6.82385
13,27,7.47925
13,28,12.05338
13,29,12.51967
13,30,12.23083
13,31,19.22205
13,32,16.73205
13,33,16.64828
13,34,17.83622
13,35,16.35097
13,36,15.10381
13,37,14.78002
13,38,16.27335
13,39,18.00236
13,40,17.2851
13,41,19.54992
13,42,13.93512
13,43,13.52051
13,44,12.47275
13,45,14.3108
13,46,14.50117
13,47,12.94008
13,48,10.69754
13,49,9.88749
13,50,12.09803
13,51,10.43338
13,52,12.71394
13,53,11.11856
13,54,11.59305
13,55,6.96651
13,56,11.24097
14,1,9.42199
14,2,11.65084
14,3,4.38197
14,4,11.86774
14,5,16.12568
14,6,9.12237
14,7,7.35664
14,8,7.93711
14,9,3.5294
14,10,4.39867
14,11,1.66811
14,12,2.02622
14,13,3.61702
14,14,0.0
14,15,1.34351
14,16,3.84623
14,17,6.36305
14,18,7.09891
14,19,6.28829
14,20,6.42757
14,21,8.15056
14,22,5.32571
14,23,12.41369
14,24,13.1381
14,25,6.95135
14,26,7.49218
14,27,8.14758
14,28,12.72171
14,29,13.188
14,30,12.89916
14,31,19.89038
14,32,17.40038
14,33,17.31661
14,34,18.50455
14,35,17.0193
14,36,15.77214
14,37,15.44835
14,38,16.94168
14,39,18.67069
14,40,17.95343
14,41,20.21825
14,42,14.60345
14,43,14.18884
14,44,13.14108
14,45,14.97913
14,46,15.1695
14,47,13.60841
14,48,11.36588
14,49,10.55582
14,50,12.76636
14,51,11.10171
14,52,13.38227
14,53,11.78689
14,54,6.44741
14,55,7.63484
14,56,11.9093
15,1,10.69108
15,2,12.91994
15,3,5.65107
15,4,13.13684
15,5,17.39478
15,6,10.39146
15,7,5.04494
15,8,5.37761
15,9,2.60298
15,10,5.66777
15,11,2.93721
15,12,3.29532
15,13,4.88612
15,14,1.34351
15,15,0.0
15,16,5.11533
15,17,7.63215
15,18,8.36801
15,19,7.55739
15,20,7.69667
15,21,9.41966
15,22,6.59481
15,23,13.68279
15,24,14.4072
15,25,8.22045
15,26,8.76128
15,27,9.41667
15,28,13.99081
15,29,14.45709
15,30,14.16826
15,31,21.15948
15,32,18.66948
15,33,18.58571
15,34,19.77365
15,35,18.2884
15,36,17.04124
15,37,16.71745
15,38,18.21078
15,39,19.93979
15,40,19.22253
15,41,21.48735
15,42,15.87255
15,43,15.45794
15,44,14.41018
15,45,16.24823
15,46,16.4386
15,47,14.8775
15,48,12.63497
15,49,11.82492
15,50,14.03546
15,51,12.37081
15,52,14.65137
15,53,13.05599
15,54,5.52099
15,55,8.90394
15,56,13.1784
16,1,6.14177
16,2,7.98859
16,3,6.98752
16,4,8.58753
16,5,12.84547
16,6,5.84215
16,7,4.07642
16,8,4.6569
16,9,8.59054
16,10,7.00422
16,11,4.92196
16,12,5.44173
16,13,6.22257
16,14,3.84623
16,15,5.11533
16,16,0.0
16,17,2.7008
16,18,3.18721
16,19,0.94348
16,20,2.76531
16,21,5.78724
16,22,1.66345
16,23,10.05037
16,24,10.77478
16,25,4.58802
16,26,5.12886
16,27,5.78425
16,28,10.35839
16,29,7.84319
16,30,7.55436
16,31,14.54557
16,32,12.05558
16,33,11.9718
16,34,13.15975
16,35,11.6745
16,36,10.42734
16,37,10.10355
16,38,11.59688
16,39,13.32588
16,40,12.60863
16,41,14.87344
16,42,9.25865
16,43,8.84404
16,44,7.79628
16,45,10.26558
16,46,10.45595
16,47,9.94615
16,48,7.70362
16,49,6.89356
16,50,8.91994
16,51,7.25529
16,52,8.03747
16,53,6.44208
16,54,5.6719
16,55,5.27151
16,56,6.5645
17,1,7.80549
17,2,5.76525
17,3,6.79915
17,4,10.46799
17,5,16.40992
17,6,7.72262
17,7,5.95689
17,8,6.53736
17,9,10.47101
17,10,6.81584
17,11,4.73359
17,12,5.25335
17,13,6.0342
17,14,6.70253
17,15,7.97163
17,16,2.3557
17,17,0.0
17,18,1.21331
17,19,1.57927
17,20,1.99105
17,21,5.59886
17,22,1.47507
17,23,9.86199
17,24,10.5864
17,25,4.39965
17,26,4.94048
17,27,5.59588
17,28,10.17002
17,29,7.43958
17,30,7.15074
17,31,14.14196
17,32,11.65196
17,33,11.56819
17,34,12.75613
17,35,11.27089
17,36,10.02373
17,37,9.69993
17,38,11.19326
17,39,12.92227
17,40,12.20501
17,41,14.46983
17,42,8.85503
17,43,8.44043
17,44,7.39266
17,45,9.09353
17,46,9.2839
17,47,7.72281
17,48,5.48028
17,49,4.67022
17,50,6.88077
17,51,5.21611
17,52,7.63385
17,53,6.03847
17,54,7.55236
17,55,5.08314
17,56,6.16088
18,1,6.5934
18,2,5.65564
18,3,7.58683
18,4,9.91337
18,5,15.19782
18,6,7.168
18,7,6.74457
18,8,7.32505
18,9,11.25869
18,10,7.60353
18,11,5.52128
18,12,6.04104
18,13,6.82188
18,14,7.49021
18,15,8.75931
18,16,3.14339
18,17,1.26515
18,18,0.0
18,19,2.36696
18,20,2.77874
18,21,6.38655
18,22,2.26276
18,23,10.64968
18,24,11.37409
18,25,5.18734
18,26,5.72817
18,27,6.38357
18,28,10.9577
18,29,6.22748
18,30,5.93865
18,31,12.92987
18,32,10.43987
18,33,10.3561
18,34,11.54404
18,35,10.05879
18,36,8.81163
18,37,8.48784
18,38,9.98117
18,39,11.71018
18,40,10.99292
18,41,13.25774
18,42,7.64294
18,43,7.22833
18,44,6.18057
18,45,7.88144
18,46,8.07181
18,47,7.6132
18,48,5.37067
18,49,4.56061
18,50,5.66867
18,51,4.00402
18,52,6.42176
18,53,4.82638
18,54,8.34005
18,55,5.87083
18,56,4.94879
19,1,7.48058
19,2,6.68351
19,3,6.47631
19,4,9.10368
19,5,13.36162
19,6,6.35831
19,7,4.59258
19,8,5.17306
19,9,9.1067
19,10,6.49301
19,11,4.41075
19,12,4.93052
19,13,5.71136
19,14,6.37969
19,15,7.64879
19,16,0.99139
19,17,1.39572
19,18,2.45869
19,19,0.0
19,20,2.2541
19,21,5.27602
19,22,1.15224
19,23,9.53916
19,24,10.26356
19,25,4.07681
19,26,4.61764
19,27,5.27304
19,28,9.84718
19,29,7.11467
19,30,6.82583
19,31,13.81705
19,32,11.32705
19,33,11.24328
19,34,12.43122
19,35,10.94598
19,36,9.69882
19,37,9.37502
19,38,10.86835
19,39,12.59736
19,40,11.8801
19,41,14.14492
19,42,8.53012
19,43,8.11552
19,44,7.06775
19,45,9.53705
19,46,9.72742
19,47,8.64107
19,48,6.39854
19,49,5.58848
19,50,8.19142
19,51,6.52676
19,52,7.30894
19,53,5.71356
19,54,6.18806
19,55,4.7603
19,56,5.83597
20,1,9.37961
20,2,7.47655
20,3,6.54497
20,4,11.00271
20,5,15.26065
20,6,8.25734
20,7,6.49161
20,8,7.07208
20,9,11.00573
20,10,6.56167
20,11,4.47941
20,12,4.99918
20,13,5.78002
20,14,6.44835
20,15,7.71745
20,16,2.89042
20,17,2.18876
20,18,2.92461
20,19,2.11399
20,20,0.0
20,21,3.64226
20,22,1.15141
20,23,7.90539
20,24,8.6298
20,25,2.44304
20,26,2.98388
20,27,3.63927
20,28,8.21341
20,29,9.0137
20,30,8.72486
20,31,15.71608
20,32,13.22608
20,33,13.14231
20,34,14.33025
20,35,12.84501
20,36,11.59785
20,37,11.27405
20,38,12.76738
20,39,14.49639
20,40,13.77913
20,41,16.04395
20,42,10.42915
20,43,10.01455
20,44,8.96678
20,45,10.80483
20,46,10.9952
20,47,9.43411
20,48,7.19158
20,49,6.38152
20,50,8.59206
20,51,6.92741
20,52,9.20797
20,53,7.61259
20,54,8.08709
20,55,2.20378
20,56,7.735
21,1,12.41073
21,2,10.50767
21,3,8.2845
21,4,14.03383
21,5,18.29177
21,6,11.28846
21,7,9.52273
21,8,10.10321
21,9,14.03685
21,10,8.30119
21,11,6.21894
21,12,6.7387
21,13,7.51955
21,14,8.18788
21,15,9.45697
21,16,5.92155
21,17,5.21988
21,18,5.95573
21,19,5.14511
21,20,3.64226
21,21,0.0
21,22,4.18253
21,23,4.66588
21,24,5.39029
21,25,2.16284
21,26,2.70367
21,27,1.53431
21,28,4.9739
21,29,12.04482
21,30,11.75598
21,31,18.7472
21,32,16.2572
21,33,16.17343
21,34,17.36137
21,35,15.87613
21,36,14.62897
21,37,14.30517
21,38,15.7985
21,39,17.52751
21,40,16.81026
21,41,19.07507
21,42,13.46027
21,43,13.04567
21,44,11.9979
21,45,13.83595
21,46,14.02632
21,47,12.46523
21,48,10.2227
21,49,9.41264
21,50,11.62318
21,51,9.95853
21,52,12.23909
21,53,10.64371
21,54,11.11821
21,55,2.99843
21,56,10.76612
22,1,8.2282
22,2,6.32514
22,3,5.55256
22,4,9.8513
22,5,14.10924
22,6,7.10593
22,7,5.3402
22,8,5.92068
22,9,9.85432
22,10,5.56925
22,11,3.487
22,12,4.00676
22,13,4.7876
22,14,5.45593
22,15,6.72503
22,16,1.73901
22,17,1.03735
22,18,1.7732
22,19,0.96258
22,20,1.33034
22,21,4.35227
22,22,0.0
22,23,8.6154
22,24,9.33981
22,25,3.15306
22,26,3.69389
22,27,4.34929
22,28,8.92342
22,29,7.86229
22,30,7.57345
22,31,14.56467
22,32,12.07467
22,33,11.9909
22,34,13.17884
22,35,11.6936
22,36,10.44644
22,37,10.12264
22,38,11.61597
22,39,13.34498
22,40,12.62772
22,41,14.89254
22,42,9.27774
22,43,8.86314
22,44,7.81537
22,45,9.65342
22,46,9.84379
22,47,8.2827
22,48,6.04017
22,49,5.23011
22,50,7.44065
22,51,5.776
22,52,8.05656
22,53,6.46118
22,54,6.93568
22,55,3.83655
22,56,6.58359
23,1,16.67386
23,2,14.7708
23,3,12.54763
23,4,18.29696
23,5,22.5549
23,6,15.55159
23,7,13.78586
23,8,14.36634
23,9,18.29998
23,10,12.56432
23,11,10.48207
23,12,11.00183
23,13,11.78268
23,14,12.45101
23,15,13.72011
23,16,10.18468
23,17,9.48301
23,18,10.21886
23,19,9.40824
23,20,7.90539
23,21,4.66588
23,22,8.44566
23,23,0.0
23,24,0.72441
23,25,6.42597
23,26,6.9668
23,27,5.79744
23,28,1.16735
23,29,16.30795
23,30,16.01911
23,31,23.01033
23,32,20.52033
23,33,20.43656
23,34,21.6245
23,35,20.13926
23,36,18.8921
23,37,18.56831
23,38,20.06163
23,39,21.79064
23,40,21.07339
23,41,23.3382
23,42,17.72341
23,43,17.3088
23,44,16.26103
23,45,18.09908
23,46,18.28946
23,47,16.72836
23,48,14.48583
23,49,13.67577
23,50,15.88632
23,51,14.22166
23,52,16.50223
23,53,14.90684
23,54,15.38134
23,55,7.26156
23,56,15.02925
24,1,17.39827
24,2,15.49521
24,3,13.27204
24,4,19.02137
24,5,23.27931
24,6,16.276
24,7,14.51027
24,8,15.09075
24,9,19.02439
24,10,13.28873
24,11,11.20648
24,12,11.72624
24,13,12.50708
24,14,13.17542
24,15,14.44451
24,16,10.90908
24,17,10.20742
24,18,10.94327
24,19,10.13265
24,20,8.6298
24,21,5.39029
24,22,9.17007
24,23,0.72441
24,24,0.0
24,25,7.15038
24,26,7.69121
24,27,6.52185
24,28,1.89176
24,29,17.03236
24,30,16.74352
24,31,23.73474
24,32,21.24474
24,33,21.16097
24,34,22.34891
24,35,20.86367
24,36,19.61651
24,37,19.29271
24,38,20.78604
24,39,22.51505
24,40,21.79779
24,41,24.06261
24,42,18.44781
24,43,18.03321
24,44,16.98544
24,45,18.82349
24,46,19.01386
24,47,10.08909
24,48,15.21024
24,49,14.40018
24,50,16.61072
24,51,14.94607
24,52,17.22663
24,53,15.63125
24,54,16.10575
24,55,7.98597
24,56,15.75366
25,1,11.21152
25,2,9.30846
25,3,7.08528
25,4,12.83462
25,5,17.09256
25,6,10.08925
25,7,8.32352
25,8,8.90399
25,9,12.83764
25,10,7.10198
25,11,5.01972
25,12,5.53949
25,13,6.32033
25,14,6.98866
25,15,8.25776
25,16,4.72233
25,17,4.02066
25,18,4.75652
25,19,3.9459
25,20,2.44304
25,21,2.16284
25,22,2.98332
25,23,6.42597
25,24,7.15038
25,25,0.0
25,26,0.88783
25,27,2.15986
25,28,6.73399
25,29,10.84561
25,30,10.55677
25,31,17.54799
25,32,15.05799
25,33,14.97422
25,34,16.16216
25,35,14.67692
25,36,13.42975
25,37,13.10596
25,38,14.59929
25,39,16.3283
25,40,15.61104
25,41,17.87586
25,42,12.26106
25,43,11.84646
25,44,10.79869
25,45,12.63674
25,46,12.82711
25,47,11.26602
25,48,9.02349
25,49,8.21343
25,50,10.42397
25,51,8.75932
25,52,11.03988
25,53,9.4445
25,54,9.91899
25,55,1.79921
25,56,9.56691
26,1,11.75235
26,2,9.84929
26,3,7.62612
26,4,13.37545
26,5,17.63339
26,6,10.63008
26,7,8.86435
26,8,9.44483
26,9,13.37847
26,10,7.64281
26,11,5.56056
26,12,6.08032
26,13,6.86116
26,14,7.52949
26,15,8.79859
26,16,5.26316
26,17,4.5615
26,18,5.29735
26,19,4.48673
26,20,2.98388
26,21,2.70367
26,22,3.52415
26,23,6.9668
26,24,7.69121
26,25,0.88783
26,26,0.0
26,27,1.90657
26,28,7.27483
26,29,11.38644
26,30,11.0976
26,31,18.08882
26,32,15.59882
26,33,15.51505
26,34,16.70299
26,35,15.21775
26,36,13.97059
26,37,13.64679
26,38,15.14012
26,39,16.86913
26,40,16.15188
26,41,18.41669
26,42,12.80189
26,43,12.38729
26,44,11.33952
26,45,13.17757
26,46,13.36794
26,47,11.80685
26,48,9.56432
26,49,8.75426
26,50,10.9648
26,51,9.30015
26,52,11.58071
26,53,9.98533
26,54,10.45983
26,55,2.34005
26,56,10.10774
27,1,12.40775
27,2,10.50468
27,3,8.28151
27,4,14.03085
27,5,18.28879
27,6,11.28548
27,7,9.51975
27,8,10.10022
27,9,14.03387
27,10,8.29821
27,11,6.21595
27,12,6.73572
27,13,7.51656
27,14,8.18489
27,15,9.45399
27,16,5.91856
27,17,5.21689
27,18,5.95275
27,19,5.14213
27,20,3.63927
27,21,1.53431
27,22,4.17955
27,23,5.79744
27,24,6.52185
27,25,2.15986
27,26,1.90657
27,27,0.0
27,28,6.10547
27,29,12.04183
27,30,11.753
27,31,18.74422
27,32,16.25422
27,33,16.17045
27,34,17.35839
27,35,15.87314
27,36,14.62598
27,37,14.30219
27,38,15.79552
27,39,17.52453
27,40,16.80727
27,41,19.07209
27,42,13.45729
27,43,13.04269
27,44,11.99492
27,45,13.83297
27,46,14.02334
27,47,12.46225
27,48,10.21971
27,49,9.40966
27,50,11.6202
27,51,9.95555
27,52,12.23611
27,53,10.64073
27,54,11.11522
27,55,2.99544
27,56,10.76314
28,1,16.98188
28,2,15.07882
28,3,12.85565
28,4,18.60498
28,5,22.86292
28,6,15.85961
28,7,14.09388
28,8,14.67436
28,9,18.608
28,10,12.87235
28,11,10.79009
28,12,11.30986
28,13,12.0907
28,14,12.75903
28,15,14.02813
28,16,10.4927
28,17,9.79103
28,18,10.52689
28,19,9.71626
28,20,8.21341
28,21,4.9739
28,22,8.75368
28,23,1.16735
28,24,1.89176
28,25,6.73399
28,26,7.27483
28,27,6.10547
28,28,0.0
28,29,16.61597
28,30,16.32714
28,31,23.31835
28,32,20.82836
28,33,20.74458
28,34,21.93253
28,35,20.44728
28,36,19.20012
28,37,18.87633
28,38,20.36966
28,39,22.09866
28,40,21.38141
28,41,23.64622
28,42,18.03143
28,43,17.61682
28,44,16.56906
28,45,18.40711
28,46,18.59748
28,47,17.03638
28,48,14.79385
28,49,13.98379
28,50,16.19434
28,51,14.52969
28,52,16.81025
28,53,15.21486
28,54,15.68936
28,55,7.56958
28,56,15.33728
29,1,0.36596
29,2,8.15599
29,3,13.21847
29,4,7.87794
29,5,12.8599
29,6,5.13257
29,7,5.51242
29,8,8.92816
29,9,12.86181
29,10,13.23517
29,11,11.15291
29,12,11.67268
29,13,12.45352
29,14,13.12185
29,15,14.39095
29,16,7.73355
29,17,7.43562
29,18,6.17169
29,19,7.17443
29,20,8.99626
29,21,12.01818
29,22,7.8944
29,23,16.28132
29,24,17.00572
29,25,10.81897
29,26,11.3598
29,27,12.0152
29,28,16.58934
29,29,0.0
29,30,1.42729
29,31,10.59194
29,32,8.10194
29,33,8.01817
29,34,9.20611
29,35,7.72087
29,36,6.47371
29,37,6.14992
29,38,7.64324
29,39,9.37225
29,40,8.655
29,41,10.91981
29,42,5.30502
29,43,4.89041
29,44,6.48125
29,45,9.1579
29,46,9.34827
29,47,10.11355
29,48,7.87102
29,49,7.06096
29,50,8.09336
29,51,6.50437
29,52,4.08383
29,53,5.41324
29,54,9.94316
29,55,11.50246
29,56,4.62069
30,1,1.77969
30,2,7.86715
30,3,12.92963
30,4,9.29166
30,5,11.7808
30,6,6.54629
30,7,9.95969
30,8,10.54017
30,9,14.47381
30,10,12.94633
30,11,10.86408
30,12,11.38384
30,13,12.16468
30,14,12.83301
30,15,14.10211
30,16,7.44472
30,17,7.14678
30,18,5.88286
30,19,6.8856
30,20,8.70742
30,21,11.72935
30,22,7.60556
30,23,15.99248
30,24,16.71689
30,25,10.53014
30,26,11.07097
30,27,11.72637
30,28,16.3005
30,29,1.42729
30,30,0.0
30,31,9.51284
30,32,7.02284
30,33,6.93907
30,34,8.12701
30,35,6.77372
30,36,5.52656
30,37,5.20277
30,38,6.69609
30,39,8.4251
30,40,7.70785
30,41,9.97266
30,42,4.35787
30,43,3.94326
30,44,5.5341
30,45,8.21075
30,46,8.40112
30,47,10.8326
30,48,7.58219
30,49,6.77213
30,50,9.14898
30,51,6.21554
30,52,3.13669
30,53,5.30067
30,54,11.55517
30,55,11.21363
30,56,4.33185
31,1,10.59496
31,2,16.31511
31,3,20.01929
31,4,9.93529
31,5,5.79506
31,6,12.68669
31,7,17.04935
31,8,17.62983
31,9,21.56347
31,10,20.03599
31,11,17.95373
31,12,18.4735
31,13,19.25434
31,14,19.92267
31,15,21.19177
31,16,14.53438
31,17,14.23644
31,18,12.97251
31,19,13.97525
31,20,15.79708
31,21,18.81901
31,22,14.69522
31,23,23.08214
31,24,23.80654
31,25,17.61979
31,26,18.16063
31,27,18.81602
31,28,23.39016
31,29,10.24256
31,30,8.91205
31,31,0.0
31,32,2.06232
31,33,2.5656
31,34,2.1737
31,35,4.76176
31,36,6.01079
31,37,10.54738
31,38,6.09928
31,39,7.28027
31,40,13.05247
31,41,7.34145
31,42,9.70249
31,43,9.28788
31,44,10.87872
31,45,13.55537
31,46,13.74574
31,47,16.17722
31,48,15.05099
31,49,14.24094
31,50,14.4936
31,51,13.67233
31,52,8.4813
31,53,10.64529
31,54,18.64483
31,55,18.30328
31,56,10.80523
32,1,11.09377
32,2,16.81392
32,3,20.5181
32,4,10.4341
32,5,6.29387
32,6,13.1855
32,7,17.54816
32,8,18.12864
32,9,22.06228
32,10,20.5348
32,11,18.45254
32,12,18.97231
32,13,19.75315
32,14,20.42148
32,15,21.69058
32,16,15.03319
32,17,14.73525
32,18,13.47133
32,19,14.47406
32,20,16.29589
32,21,19.31782
32,22,15.19403
32,23,23.58095
32,24,24.30536
32,25,18.11861
32,26,18.65944
32,27,19.31483
32,28,23.88897
32,29,10.74137
32,30,9.41086
32,31,2.06232
32,32,0.0
32,33,0.58773
32,34,1.18862
32,35,3.77669
32,36,5.02571
32,37,4.94485
32,38,5.11421
32,39,6.29519
32,40,13.55128
32,41,6.35638
32,42,10.2013
32,43,9.78669
32,44,11.37753
32,45,14.05418
32,46,14.24455
32,47,16.67603
32,48,15.5498
32,49,14.73975
32,50,14.99241
32,51,14.17115
32,52,8.98012
32,53,11.1441
32,54,19.14364
32,55,18.8021
32,56,11.30404
33,1,10.13785
33,2,15.858
33,3,19.56218
33,4,9.47818
33,5,5.33795
33,6,12.22958
33,7,16.59224
33,8,17.17272
33,9,21.10636
33,10,19.57888
33,11,17.49663
33,12,18.01639
33,13,18.79723
33,14,19.46556
33,15,20.73466
33,16,14.07727
33,17,13.77933
33,18,12.51541
33,19,13.51815
33,20,15.33997
33,21,18.3619
33,22,14.23811
33,23,22.62503
33,24,23.34944
33,25,17.16269
33,26,17.70352
33,27,18.35892
33,28,22.93305
33,29,9.78545
33,30,8.45494
33,31,3.07
33,32,0.58773
33,33,0.0
33,34,1.6919
33,35,4.27996
33,36,5.52899
33,37,10.09028
33,38,5.61748
33,39,13.31261
33,40,12.59536
33,41,6.85965
33,42,9.24538
33,43,8.83077
33,44,10.42161
33,45,13.09826
33,46,13.28863
33,47,15.72011
33,48,14.59388
33,49,13.78383
33,50,14.03649
33,51,13.21523
33,52,8.0242
33,53,10.18818
33,54,18.18772
33,55,17.84618
33,56,10.34812
34,1,12.19794
34,2,17.91809
34,3,21.62227
34,4,11.53827
34,5,7.39804
34,6,14.28967
34,7,18.65233
34,8,19.23281
34,9,23.16645
34,10,21.63897
34,11,19.55671
34,12,20.07648
34,13,20.85732
34,14,21.52565
34,15,22.79475
34,16,16.13736
34,17,15.83942
34,18,14.5755
34,19,15.57824
34,20,17.40006
34,21,20.42199
34,22,16.2982
34,23,24.68512
34,24,25.40953
34,25,19.22278
34,26,19.76361
34,27,20.41901
34,28,24.99314
34,29,11.84554
34,30,10.51503
34,31,2.1737
34,32,1.18862
34,33,1.6919
34,34,0.0
34,35,2.58839
34,36,3.83741
34,37,4.29716
34,38,3.9259
34,39,5.10689
34,40,7.64486
34,41,6.65445
34,42,11.30547
34,43,10.89086
34,44,12.4817
34,45,15.15835
34,46,15.34872
34,47,17.7802
34,48,16.65397
34,49,15.84392
34,50,16.09658
34,51,15.27532
34,52,10.08429
34,53,12.24827
34,54,20.24781
34,55,19.90627
34,56,12.40821
35,1,8.02549
35,2,9.83113
35,3,17.00201
35,4,14.12633
35,5,9.98611
35,6,15.15263
35,7,14.03207
35,8,14.61254
35,9,18.54619
35,10,17.01871
35,11,14.93645
35,12,15.45622
35,13,16.23706
35,14,16.90539
35,15,18.17449
35,16,11.51709
35,17,11.21916
35,18,9.95523
35,19,10.95797
35,20,12.7798
35,21,15.80172
35,22,11.67794
35,23,20.06486
35,24,20.78926
35,25,14.60251
35,26,15.14334
35,27,15.79874
35,28,20.37288
35,29,7.6731
35,30,6.54982
35,31,4.76176
35,32,3.77669
35,33,4.27996
35,34,2.58839
35,35,0.0
35,36,1.24902
35,37,1.93968
35,38,1.33752
35,39,3.1366
35,40,5.05648
35,41,4.68416
35,42,3.65197
35,43,3.23736
35,44,4.8282
35,45,7.07139
35,46,7.26176
35,47,9.69324
35,48,8.56701
35,49,7.75696
35,50,8.00962
35,51,7.18836
35,52,3.71619
35,53,5.35149
35,54,15.62755
35,55,15.286
35,56,5.51143
36,1,6.77833
36,2,9.01743
36,3,15.75485
36,4,17.11674
36,5,12.97651
36,6,13.90547
36,7,12.78491
36,8,13.36538
36,9,17.29903
36,10,15.77154
36,11,13.68929
36,12,14.20906
36,13,14.9899
36,14,15.65823
36,15,16.92733
36,16,10.26993
36,17,9.972
36,18,8.70807
36,19,9.71081
36,20,11.53264
36,21,14.55456
36,22,10.43078
36,23,18.8177
36,24,19.5421
36,25,13.35535
36,26,13.89618
36,27,14.55158
36,28,19.12572
36,29,6.42594
36,30,5.30266
36,31,10.70856
36,32,8.21856
36,33,8.13479
36,34,3.83741
36,35,1.24902
36,36,0.0
36,37,0.69252
36,38,1.30282
36,39,5.44426
36,40,4.727
36,41,6.99182
36,42,2.40481
36,43,1.9902
36,44,3.58104
36,45,6.25769
36,46,6.44806
36,47,8.87954
36,48,7.75331
36,49,6.94326
36,50,7.19592
36,51,6.37466
36,52,2.46903
36,53,4.10433
36,54,14.38039
36,55,14.03884
36,56,4.26427
37,1,6.45454
37,2,8.69364
37,3,15.43106
37,4,16.79295
37,5,12.65272
37,6,13.58168
37,7,12.46111
37,8,13.04159
37,9,16.97524
37,10,15.44775
37,11,13.3655
37,12,13.88526
37,13,14.6661
37,14,15.33444
37,15,16.60354
37,16,9.94614
37,17,9.6482
37,18,8.38428
37,19,9.38702
37,20,11.20884
37,21,14.23077
37,22,10.10698
37,23,18.4939
37,24,19.21831
37,25,13.03156
37,26,13.57239
37,27,14.22779
37,28,18.80192
37,29,6.10215
37,30,4.97886
37,31,10.38477
37,32,7.89477
37,33,7.811
37,34,4.29716
37,35,1.93968
37,36,0.69252
37,37,0.0
37,38,1.99348
37,39,5.12047
37,40,4.40321
37,41,6.66803
37,42,2.08101
37,43,1.66641
37,44,3.25725
37,45,5.9339
37,46,6.12427
37,47,8.55575
37,48,7.42952
37,49,6.61946
37,50,6.87213
37,51,6.05086
37,52,2.14524
37,53,3.78053
37,54,14.05659
37,55,13.71505
37,56,3.94047
38,1,7.78267
38,2,9.31819
38,3,16.75919
38,4,18.12107
38,5,13.98085
38,6,14.90981
38,7,13.78924
38,8,14.36972
38,9,18.30337
38,10,16.77588
38,11,14.69363
38,12,15.21339
38,13,15.99423
38,14,16.66256
38,15,17.93166
38,16,11.27427
38,17,10.97633
38,18,9.71241
38,19,10.71515
38,20,12.53697
38,21,15.5589
38,22,11.43511
38,23,19.82203
38,24,20.54644
38,25,14.35969
38,26,14.90052
38,27,15.55592
38,28,20.13005
38,29,7.43027
38,30,6.30699
38,31,6.09928
38,32,5.11421
38,33,9.13913
38,34,3.9259
38,35,1.33752
38,36,1.30282
38,37,1.99348
38,38,0.0
38,39,2.98308
38,40,4.54354
38,41,4.53064
38,42,2.8255
38,43,2.99454
38,44,4.00173
38,45,6.55845
38,46,6.74882
38,47,9.1803
38,48,8.05407
38,49,7.24401
38,50,7.49667
38,51,6.67541
38,52,3.47337
38,53,5.10866
38,54,15.38472
38,55,15.04318
38,56,5.2686
39,1,9.51168
39,2,10.95253
39,3,18.48819
39,4,19.85008
39,5,15.70986
39,6,16.63881
39,7,15.51825
39,8,16.09873
39,9,20.03237
39,10,18.50489
39,11,16.42263
39,12,16.9424
39,13,17.72324
39,14,18.39157
39,15,19.66067
39,16,13.00328
39,17,12.70534
39,18,11.44142
39,19,12.44416
39,20,14.26598
39,21,17.28791
39,22,13.16412
39,23,21.55104
39,24,22.27545
39,25,16.0887
39,26,16.62953
39,27,17.28493
39,28,21.85906
39,29,9.15928
39,30,8.036
39,31,13.4419
39,32,10.9519
39,33,10.86813
39,34,5.10689
39,35,3.1366
39,36,5.44426
39,37,5.12047
39,38,2.98308
39,39,0.0
39,40,3.14544
39,41,1.54804
39,42,4.60945
39,43,4.72355
39,44,5.78568
39,45,8.19278
39,46,8.38315
39,47,10.81463
39,48,9.68841
39,49,8.87835
39,50,9.13101
39,51,8.30975
39,52,5.20238
39,53,6.83767
39,54,17.11373
39,55,16.77219
39,56,6.99761
40,1,8.79442
40,2,10.23527
40,3,17.77094
40,4,19.13283
40,5,14.9926
40,6,15.92156
40,7,14.801
40,8,15.38147
40,9,19.31512
40,10,17.78763
40,11,15.70538
40,12,16.22514
40,13,17.00599
40,14,17.67432
40,15,18.94342
40,16,12.28602
40,17,11.98808
40,18,10.72416
40,19,11.7269
40,20,13.54873
40,21,16.57065
40,22,12.44687
40,23,20.83378
40,24,21.55819
40,25,15.37144
40,26,15.91227
40,27,16.56767
40,28,21.14181
40,29,8.44203
40,30,7.31875
40,31,12.72465
40,32,10.23465
40,33,10.15088
40,34,11.33882
40,35,5.05648
40,36,4.727
40,37,4.40321
40,38,4.54354
40,39,3.14544
40,40,0.0
40,41,4.693
40,42,3.89219
40,43,4.00629
40,44,5.06842
40,45,7.47553
40,46,7.6659
40,47,10.09738
40,48,8.97115
40,49,8.16109
40,50,8.41375
40,51,7.59249
40,52,4.48512
40,53,6.12042
40,54,16.39647
40,55,16.05493
40,56,6.28036
41,1,11.05924
41,2,12.50009
41,3,20.03575
41,4,21.39764
41,5,17.25742
41,6,18.18638
41,7,17.06581
41,8,17.64629
41,9,21.57993
41,10,20.05245
41,11,17.9702
41,12,18.48996
41,13,19.2708
41,14,19.93913
41,15,21.20823
41,16,14.55084
41,17,14.2529
41,18,12.98898
41,19,13.99172
41,20,15.81354
41,21,18.83547
41,22,14.71168
41,23,23.0986
41,24,23.82301
41,25,17.63626
41,26,18.17709
41,27,18.83248
41,28,23.40662
41,29,10.70684
41,30,9.58356
41,31,7.34145
41,32,6.35638
41,33,12.41569
41,34,6.65445
41,35,4.68416
41,36,6.99182
41,37,6.66803
41,38,4.53064
41,39,1.54804
41,40,4.693
41,41,0.0
41,42,6.15701
41,43,6.27111
41,44,7.33324
41,45,9.74034
41,46,9.93071
41,47,12.36219
41,48,11.23597
41,49,10.42591
41,50,10.67857
41,51,9.85731
41,52,6.74994
41,53,8.38523
41,54,18.66129
41,55,18.31975
41,56,8.54517
42,1,5.64076
42,2,6.8585
42,3,14.61728
42,4,15.97917
42,5,11.83894
42,6,12.7679
42,7,11.64734
42,8,12.22781
42,9,16.16146
42,10,14.63397
42,11,12.55172
42,12,13.07149
42,13,13.85233
42,14,14.52066
42,15,15.78976
42,16,9.13236
42,17,8.83442
42,18,7.5705
42,19,8.57324
42,20,10.39507
42,21,13.41699
42,22,9.29321
42,23,17.68012
42,24,18.40453
42,25,12.21778
42,26,12.75861
42,27,13.41401
42,28,17.98815
42,29,5.28837
42,30,4.16508
42,31,9.57099
42,32,7.08099
42,33,6.99722
42,34,8.18516
42,35,3.44782
42,36,2.40858
42,37,2.08479
42,38,2.93488
42,39,4.66389
42,40,3.94663
42,41,6.21145
42,42,0.0
42,43,0.34444
42,44,1.2841
42,45,4.09875
42,46,4.28912
42,47,6.7206
42,48,5.59438
42,49,4.78432
42,50,5.03698
42,51,4.21572
42,52,1.33146
42,53,2.46094
42,54,13.24281
42,55,12.90127
42,56,3.1267
43,1,5.22615
43,2,7.22499
43,3,14.20267
43,4,15.56456
43,5,11.42434
43,6,12.35329
43,7,11.23273
43,8,11.81321
43,9,15.74685
43,10,14.21937
43,11,12.13711
43,12,12.65688
43,13,13.43772
43,14,14.10605
43,15,15.37515
43,16,8.71776
43,17,8.41982
43,18,7.15589
43,19,8.15863
43,20,9.98046
43,21,13.00239
43,22,8.8786
43,23,17.26552
43,24,17.98993
43,25,11.80317
43,26,12.34401
43,27,12.9994
43,28,17.57354
43,29,4.87376
43,30,3.75048
43,31,9.15638
43,32,6.66638
43,33,6.58261
43,34,7.77055
43,35,3.24114
43,36,1.99398
43,37,1.67018
43,38,2.95059
43,39,4.6796
43,40,3.96234
43,41,6.22716
43,42,0.34444
43,43,0.0
43,44,1.32877
43,45,4.46525
43,46,4.65562
43,47,7.0871
43,48,5.96087
43,49,5.15081
43,50,5.40347
43,51,4.58221
43,52,0.91685
43,53,2.55215
43,54,12.82821
43,55,12.48666
43,56,2.71209
44,1,5.91304
44,2,6.4686
44,3,13.29877
44,4,16.25145
44,5,12.11122
44,6,11.44939
44,7,10.32882
44,8,10.9093
44,9,14.84295
44,10,13.31546
44,11,11.23321
44,12,11.75297
44,13,12.53381
44,14,13.20214
44,15,14.47124
44,16,7.81385
44,17,7.51591
44,18,6.25199
44,19,7.25473
44,20,9.07655
44,21,12.09848
44,22,7.97469
44,23,16.36161
44,24,17.08602
44,25,10.89927
44,26,11.4401
44,27,12.0955
44,28,16.66963
44,29,5.56065
44,30,4.43737
44,31,9.84327
44,32,7.35327
44,33,7.2695
44,34,8.45744
44,35,4.62194
44,36,3.37478
44,37,3.05099
44,38,4.11111
44,39,5.84012
44,40,5.12286
44,41,7.38768
44,42,1.2841
44,43,1.32877
44,44,0.0
44,45,3.93974
44,46,4.13011
44,47,7.44701
44,48,5.20448
44,49,4.39442
44,50,4.64708
44,51,3.82582
44,52,1.60374
44,53,2.02745
44,54,11.9243
44,55,11.58276
44,56,2.41325
45,1,9.49364
45,2,5.66887
45,3,15.47223
45,4,19.83205
45,5,15.69183
45,6,13.93002
45,7,12.80946
45,8,13.38994
45,9,17.32358
45,10,15.48892
45,11,13.40667
45,12,13.92644
45,13,14.70728
45,14,15.37561
45,15,16.64471
45,16,10.29449
45,17,9.15054
45,18,7.88661
45,19,10.25235
45,20,10.66413
45,21,14.27194
45,22,10.14816
45,23,18.53507
45,24,19.25948
45,25,13.07273
45,26,13.61356
45,27,14.26896
45,28,18.8431
45,29,9.14125
45,30,8.01797
45,31,13.42387
45,32,10.93387
45,33,10.8501
45,34,12.03804
45,35,7.07139
45,36,6.26147
45,37,5.93767
45,38,6.55845
45,39,8.19278
45,40,7.47553
45,41,9.74034
45,42,4.09875
45,43,4.46525
45,44,3.93974
45,45,0.0
45,46,1.85309
45,47,4.63488
45,48,4.81521
45,49,4.58574
45,50,4.8384
45,51,4.01714
45,52,5.18434
45,53,4.50808
45,54,14.40494
45,55,13.75622
45,56,4.89388
46,1,9.68401
46,2,5.28879
46,3,15.6626
46,4,20.02242
46,5,15.8822
46,6,14.12039
46,7,12.99983
46,8,13.58031
46,9,17.51395
46,10,15.6793
46,11,13.59704
46,12,14.11681
46,13,14.89765
46,14,15.56598
46,15,16.83508
46,16,10.48486
46,17,9.34091
46,18,8.07699
46,19,10.44272
46,20,10.8545
46,21,14.46231
46,22,10.33853
46,23,18.72545
46,24,19.44985
46,25,13.2631
46,26,13.80393
46,27,14.45933
46,28,19.03347
46,29,9.33162
46,30,8.20834
46,31,13.61424
46,32,11.12424
46,33,11.04047
46,34,12.22841
46,35,7.26176
46,36,6.45184
46,37,6.12804
46,38,6.74882
46,39,8.38315
46,40,7.6659
46,41,9.93071
46,42,4.28912
46,43,4.65562
46,44,4.13011
46,45,1.85309
46,46,0.0
46,47,4.25479
46,48,4.43513
46,49,4.77611
46,50,3.27103
46,51,4.20751
46,52,5.37471
46,53,4.69845
46,54,14.59531
46,55,13.94659
46,56,5.08425
47,1,10.47711
47,2,1.69192
47,3,14.0445
47,4,17.71334
47,5,18.31368
47,6,14.96797
47,7,13.20224
47,8,13.78272
47,9,17.71636
47,10,14.0612
47,11,11.97894
47,12,12.49871
47,13,13.27955
47,14,13.94788
47,15,15.21698
47,16,9.60105
47,17,7.72281
47,18,7.65357
47,19,8.82462
47,20,9.2364
47,21,12.84421
47,22,8.72043
47,23,17.10735
47,24,10.08909
47,25,11.645
47,26,12.18583
47,27,12.84123
47,28,17.41537
47,29,10.1112
47,30,10.63982
47,31,16.04572
47,32,13.55572
47,33,13.47195
47,34,14.65989
47,35,9.69324
47,36,8.88332
47,37,8.55953
47,38,9.1803
47,39,10.81463
47,40,10.09738
47,41,12.36219
47,42,6.7206
47,43,7.0871
47,44,7.44701
47,45,4.63488
47,46,4.25479
47,47,0.0
47,48,2.4463
47,49,3.05259
47,50,5.41422
47,51,4.32152
47,52,7.80619
47,53,6.15329
47,54,14.79772
47,55,12.32849
47,56,6.5391
48,1,8.23458
48,2,2.14831
48,3,11.80197
48,4,15.47081
48,5,16.02556
48,6,12.72544
48,7,10.95971
48,8,11.54018
48,9,15.47383
48,10,11.81867
48,11,9.73641
48,12,10.25618
48,13,11.03702
48,14,11.70535
48,15,12.97445
48,16,7.35852
48,17,5.48028
48,18,5.41104
48,19,6.58209
48,20,6.99387
48,21,10.60168
48,22,6.4779
48,23,14.86481
48,24,15.58922
48,25,9.40247
48,26,9.9433
48,27,10.5987
48,28,15.17284
48,29,7.86867
48,30,7.57983
48,31,13.75761
48,32,11.26761
48,33,11.18384
48,34,12.37178
48,35,8.56976
48,36,7.75983
48,37,7.43604
48,38,8.05681
48,39,9.69115
48,40,8.97389
48,41,11.23871
48,42,5.59712
48,43,5.96361
48,44,5.20448
48,45,4.81521
48,46,4.43513
48,47,2.4463
48,48,0.0
48,49,0.81006
48,50,3.17169
48,51,2.07899
48,52,5.51808
48,53,3.91076
48,54,12.55519
48,55,10.08596
48,56,4.29656
49,1,7.42453
49,2,2.11402
49,3,10.99191
49,4,14.66075
49,5,15.2155
49,6,11.91538
49,7,10.14965
49,8,10.73013
49,9,14.66377
49,10,11.00861
49,11,8.92635
49,12,9.44612
49,13,10.22696
49,14,10.89529
49,15,12.16439
49,16,6.54847
49,17,4.67022
49,18,4.60098
49,19,5.77203
49,20,6.18381
49,21,9.79163
49,22,5.66784
49,23,14.05476
49,24,14.77917
49,25,8.59241
49,26,9.13325
49,27,9.78864
49,28,14.36278
49,29,7.05861
49,30,6.76978
49,31,12.94755
49,32,10.45755
49,33,10.37378
49,34,11.56172
49,35,7.7597
49,36,6.94978
49,37,6.62598
49,38,7.24676
49,39,8.88109
49,40,8.16384
49,41,10.42865
49,42,4.78706
49,43,5.15356
49,44,4.39442
49,45,4.5744
49,46,4.76477
49,47,3.05259
49,48,0.81006
49,49,0.0
49,50,2.36164
49,51,1.26893
49,52,4.70802
49,53,3.10071
49,54,11.74513
49,55,9.2759
49,56,3.48651
50,1,8.48606
50,2,4.43581
50,3,13.24812
50,4,15.28296
50,5,15.46817
50,6,12.53759
50,7,12.40586
50,8,12.98634
50,9,16.91998
50,10,13.26482
50,11,11.18256
50,12,11.70233
50,13,12.48317
50,14,13.1515
50,15,14.4206
50,16,8.80468
50,17,6.92643
50,18,5.66251
50,19,8.02824
50,20,8.44002
50,21,12.04784
50,22,7.92405
50,23,16.31097
50,24,17.03538
50,25,10.84863
50,26,11.38946
50,27,12.04485
50,28,16.61899
50,29,8.12014
50,30,7.79431
50,31,13.20021
50,32,10.71021
50,33,10.62644
50,34,11.81438
50,35,8.01236
50,36,7.20244
50,37,6.87865
50,38,7.49942
50,39,9.13375
50,40,8.4165
50,41,10.68131
50,42,5.03972
50,43,5.40622
50,44,4.64708
50,45,4.82706
50,46,3.27103
50,47,5.41422
50,48,3.17169
50,49,2.36164
50,50,0.0
50,51,1.79304
50,52,4.96068
50,53,3.35337
50,54,14.00134
50,55,11.53212
50,56,3.73917
51,1,6.8214
51,2,3.34311
51,3,11.58347
51,4,13.61831
51,5,14.6469
51,6,10.87293
51,7,10.74121
51,8,11.32169
51,9,15.25533
51,10,11.60017
51,11,9.51791
51,12,10.03768
51,13,10.81852
51,14,11.48685
51,15,12.75595
51,16,7.14003
51,17,5.26178
51,18,3.99786
51,19,6.36359
51,20,6.77537
51,21,10.38319
51,22,6.2594
51,23,14.64632
51,24,15.37072
51,25,9.18397
51,26,9.7248
51,27,10.3802
51,28,14.95434
51,29,6.45549
51,30,6.16665
51,31,12.37895
51,32,9.88895
51,33,9.80518
51,34,10.99312
51,35,7.1911
51,36,6.38118
51,37,6.05738
51,38,6.67816
51,39,8.31249
51,40,7.59524
51,41,9.86005
51,42,4.21846
51,43,4.58496
51,44,3.82582
51,45,4.0058
51,46,4.19617
51,47,4.32152
51,48,2.07899
51,49,1.26893
51,50,1.79304
51,51,0.0
51,52,4.13942
51,53,1.14748
51,54,12.33669
51,55,9.86746
51,56,2.91791
52,1,4.3093
52,2,8.01563
52,3,13.28582
52,4,14.64771
52,5,10.50748
52,6,11.43644
52,7,10.31588
52,8,10.89635
52,9,14.83
52,10,13.30251
52,11,11.22026
52,12,11.74003
52,13,12.52087
52,14,13.1892
52,15,14.4583
52,16,7.8009
52,17,7.50297
52,18,6.23904
52,19,7.24178
52,20,9.06361
52,21,12.08553
52,22,7.96175
52,23,16.34866
52,24,17.07307
52,25,10.88632
52,26,11.42715
52,27,12.08255
52,28,16.65669
52,29,3.95691
52,30,2.83363
52,31,8.23953
52,32,5.74953
52,33,5.66576
52,34,6.8537
52,35,3.81886
52,36,2.5717
52,37,2.2479
52,38,3.74123
52,39,5.47024
52,40,4.75298
52,41,7.0178
52,42,1.403
52,43,0.9884
52,44,2.57923
52,45,5.25589
52,46,5.44626
52,47,7.87774
52,48,6.75151
52,49,5.94145
52,50,6.19411
52,51,5.37285
52,52,0.0
52,53,2.3458
52,54,11.91136
52,55,11.56981
52,56,2.50575
53,1,5.78737
53,2,5.17488
53,3,11.94457
53,4,12.84057
53,5,12.78805
53,6,10.09519
53,7,8.97463
53,8,9.55511
53,9,13.48875
53,10,11.96127
53,11,9.87901
53,12,10.39878
53,13,11.17962
53,14,11.84795
53,15,13.11705
53,16,6.45966
53,17,5.55371
53,18,4.28979
53,19,5.90054
53,20,7.0673
53,21,10.74429
53,22,6.6205
53,23,15.00742
53,24,15.73183
53,25,9.54508
53,26,10.08591
53,27,10.74131
53,28,15.31544
53,29,5.42146
53,30,5.11419
53,31,10.52009
53,32,8.0301
53,33,7.94633
53,34,9.13427
53,35,5.29877
53,36,4.05161
53,37,3.72782
53,38,5.22115
53,39,6.95015
53,40,6.2329
53,41,8.49771
53,42,2.88292
53,43,2.46831
53,44,2.02745
53,45,4.49674
53,46,4.68712
53,47,6.15329
53,48,3.91076
53,49,3.10071
53,50,3.35337
53,51,1.14748
53,52,2.28057
53,53,0.0
53,54,10.57011
53,55,10.22857
53,56,1.05905
54,1,9.67893
54,2,13.12752
54,3,12.12646
54,4,12.12468
54,5,10.60623
54,6,9.37931
54,7,5.03355
54,8,5.59869
54,9,2.91916
54,10,12.14315
54,11,10.0609
54,12,10.58066
54,13,11.3615
54,14,6.44741
54,15,5.52099
54,16,5.61417
54,17,7.83973
54,18,8.32615
54,19,6.08242
54,20,7.90424
54,21,10.92617
54,22,6.80238
54,23,15.1893
54,24,15.91371
54,25,9.72696
54,26,10.26779
54,27,10.92319
54,28,15.49732
54,29,9.97157
54,30,11.67542
54,31,18.66663
54,32,16.17663
54,33,16.09286
54,34,17.2808
54,35,15.79556
54,36,14.5484
54,37,14.22461
54,38,15.71794
54,39,17.44694
54,40,16.72969
54,41,18.9945
54,42,13.37971
54,43,12.9651
54,44,11.91733
54,45,14.38663
54,46,14.57701
54,47,15.08508
54,48,12.84255
54,49,12.03249
54,50,13.041
54,51,11.37635
54,52,12.15853
54,53,10.56314
54,54,0.0
54,55,10.41045
54,56,10.68556
55,1,11.89501
55,2,9.99195
55,3,7.76877
55,4,13.51811
55,5,17.77605
55,6,10.77274
55,7,9.00701
55,8,9.58748
55,9,13.52113
55,10,7.78547
55,11,5.70321
55,12,6.22298
55,13,7.00382
55,14,7.67215
55,15,8.94125
55,16,5.40582
55,17,4.70415
55,18,5.44001
55,19,4.62939
55,20,2.20378
55,21,2.99843
55,22,3.66681
55,23,7.26156
55,24,7.98597
55,25,1.79921
55,26,2.34005
55,27,2.99544
55,28,7.56958
55,29,11.5291
55,30,11.24026
55,31,18.23148
55,32,15.74148
55,33,15.65771
55,34,16.84565
55,35,15.36041
55,36,14.11325
55,37,13.78945
55,38,15.28278
55,39,17.01179
55,40,16.29453
55,41,18.55935
55,42,12.94455
55,43,12.52995
55,44,11.48218
55,45,13.32023
55,46,13.5106
55,47,11.94951
55,48,9.70698
55,49,8.89692
55,50,11.10746
55,51,9.44281
55,52,11.72337
55,53,10.12799
55,54,10.60248
55,55,0.0
55,56,10.2504
56,1,4.9866
56,2,5.55247
56,3,11.93977
56,4,12.83577
56,5,13.06407
56,6,10.09039
56,7,8.96983
56,8,9.55031
56,9,13.48395
56,10,11.95647
56,11,9.87422
56,12,10.39398
56,13,11.17482
56,14,11.84315
56,15,13.11225
56,16,6.45486
56,17,6.15692
56,18,4.893
56,19,5.89574
56,20,7.71756
56,21,10.73949
56,22,6.6157
56,23,15.00262
56,24,15.72703
56,25,9.54028
56,26,10.08111
56,27,10.73651
56,28,15.31064
56,29,4.62069
56,30,4.33185
56,31,10.79611
56,32,8.30611
56,33,8.22234
56,34,9.41028
56,35,5.57479
56,36,4.32762
56,37,4.00383
56,38,5.49716
56,39,7.22617
56,40,6.50891
56,41,8.77373
56,42,3.15893
56,43,2.74433
56,44,2.40503
56,45,4.87433
56,46,5.0647
56,47,6.53088
56,48,4.28835
56,49,3.47829
56,50,3.73096
56,51,2.90969
56,52,2.55658
56,53,1.05084
56,54,10.56531
56,55,10.22377
56,56,0.0
